

INSERT INTO address (address_id,line_1,line_2,city,state,postal_code,country,address_type_id) VALUES
                                                                                                  ('1','1810 Braddock Court','1810 Braddock Court','Sacramento','California','95894','United States','13'),
                                                                                                  ('2','5393 Sanford Street','5393 Sanford Street','Sioux City','Iowa','51105','United States','69'),
                                                                                                  ('3','10234 Rosemont Loop','10234 Rosemont Loop','Canton','Ohio','44705','United States','23'),
                                                                                                  ('4','3328 Edwards Lane','3328 Edwards Lane','Washington','District of Columbia','20503','United States','14'),
                                                                                                  ('5','12146 Frederick Terrace','12146 Frederick Terrace','Amarillo','Texas','79182','United States','31'),
                                                                                                  ('6','1952 Gracie Lane','1952 Gracie Lane','San Diego','California','92170','United States','79'),
                                                                                                  ('7','4516 Biscayne Avenue','4516 Biscayne Avenue','Sarasota','Florida','34233','United States','23'),
                                                                                                  ('8','10626 Dolan Court','10626 Dolan Court','Mansfield','Ohio','44905','United States','36'),
                                                                                                  ('9','11792 Pebble Beach Lane','11792 Pebble Beach Lane','Chattanooga','Tennessee','37410','United States','30'),
                                                                                                  ('10','3339 Thunderbird Way','3339 Thunderbird Way','Washington','District of Columbia','20520','United States','36');
INSERT INTO address (address_id,line_1,line_2,city,state,postal_code,country,address_type_id) VALUES
                                                                                                  ('11','5339 Shorewood Street','5339 Shorewood Street','Des Moines','Iowa','50362','United States','45'),
                                                                                                  ('12','13345 Talley Ridge Drive','13345 Talley Ridge Drive','Katy','Texas','77493','United States','93'),
                                                                                                  ('13','4362 Puccio Terrace','4362 Puccio Terrace','Cedar Rapids','Iowa','52410','United States','37'),
                                                                                                  ('14','5263 Wabash Court','5263 Wabash Court','Baton Rouge','Louisiana','70820','United States','74'),
                                                                                                  ('15','6621 Columbia Way','6621 Columbia Way','Arlington','Virginia','22217','United States','35'),
                                                                                                  ('16','13910 Lisa Lane','13910 Lisa Lane','Bloomington','Illinois','61709','United States','74'),
                                                                                                  ('17','5496 San Bernadino Way','5496 San Bernadino Way','Van Nuys','California','91499','United States','40'),
                                                                                                  ('18','2392 Puccio Terrace','2392 Puccio Terrace','Portland','Oregon','97296','United States','38'),
                                                                                                  ('19','11057 Hollyhock Way','11057 Hollyhock Way','Honolulu','Hawaii','96825','United States','72'),
                                                                                                  ('20','5212 Haddington Court','5212 Haddington Court','Omaha','Nebraska','68117','United States','53');
INSERT INTO address (address_id,line_1,line_2,city,state,postal_code,country,address_type_id) VALUES
                                                                                                  ('21','8817 Wesley Street','8817 Wesley Street','Houston','Texas','77025','United States','30'),
                                                                                                  ('22','13041 Impala Place','13041 Impala Place','Portland','Oregon','97271','United States','92'),
                                                                                                  ('23','11043 Diver Loop','11043 Diver Loop','Evansville','Indiana','47712','United States','11'),
                                                                                                  ('24','5897 Talley Ridge Drive','5897 Talley Ridge Drive','Richmond','Virginia','23285','United States','93'),
                                                                                                  ('25','14238 Eastbourne Lane','14238 Eastbourne Lane','Chicago','Illinois','60686','United States','64'),
                                                                                                  ('26','9884 Kilt Terrace','9884 Kilt Terrace','Oklahoma City','Oklahoma','73173','United States','43'),
                                                                                                  ('27','5645 Torres Place','5645 Torres Place','Saint Paul','Minnesota','55188','United States','25'),
                                                                                                  ('28','10746 Kay Terrace','10746 Kay Terrace','Pensacola','Florida','32590','United States','48'),
                                                                                                  ('29','7854 Due West Drive','7854 Due West Drive','San Francisco','California','94177','United States','27'),
                                                                                                  ('30','4392 Southwood Drive','4392 Southwood Drive','Lawrenceville','Georgia','30245','United States','30');
INSERT INTO address (address_id,line_1,line_2,city,state,postal_code,country,address_type_id) VALUES
                                                                                                  ('31','2093 Mayflower Loop','2093 Mayflower Loop','Tyler','Texas','75710','United States','92'),
                                                                                                  ('32','5078 Banning Court','5078 Banning Court','Orange','California','92862','United States','36'),
                                                                                                  ('33','13664 Boyd Circle','13664 Boyd Circle','Alexandria','Virginia','22313','United States','54'),
                                                                                                  ('34','1503 Alexis Lane','1503 Alexis Lane','Brooklyn','New York','11205','United States','72'),
                                                                                                  ('35','13872 Sagamore Street','13872 Sagamore Street','Frankfort','Kentucky','40618','United States','18'),
                                                                                                  ('36','9473 Barron Place','9473 Barron Place','Mobile','Alabama','36628','United States','90'),
                                                                                                  ('37','6382 Cope Place','6382 Cope Place','Delray Beach','Florida','33448','United States','47'),
                                                                                                  ('38','272 Glade Run','272 Glade Run','San Diego','California','92145','United States','80'),
                                                                                                  ('39','3653 Esbenshade Way','3653 Esbenshade Way','Baltimore','Maryland','21203','United States','22'),
                                                                                                  ('40','1920 Pace Lane','1920 Pace Lane','Largo','Florida','34643','United States','84');
INSERT INTO address (address_id,line_1,line_2,city,state,postal_code,country,address_type_id) VALUES
                                                                                                  ('41','7118 Rio Grande Avenue','7118 Rio Grande Avenue','Pittsburgh','Pennsylvania','15215','United States','75'),
                                                                                                  ('42','3975 Sandra Street','3975 Sandra Street','Saint Petersburg','Florida','33705','United States','14'),
                                                                                                  ('43','11392 Nellie Road','11392 Nellie Road','Salt Lake City','Utah','84105','United States','53'),
                                                                                                  ('44','4467 Bainbridge Lane','4467 Bainbridge Lane','Des Moines','Iowa','50347','United States','65'),
                                                                                                  ('45','13746 Morelos Road','13746 Morelos Road','Kansas City','Missouri','64153','United States','88'),
                                                                                                  ('46','5333 Wilsea Place','5333 Wilsea Place','Los Angeles','California','90087','United States','73'),
                                                                                                  ('47','8055 Barret Lane','8055 Barret Lane','Atlanta','Georgia','31165','United States','43'),
                                                                                                  ('48','10685 Tanner Drive','10685 Tanner Drive','Colorado Springs','Colorado','80951','United States','40'),
                                                                                                  ('49','1343 Estes Run','1343 Estes Run','Longview','Texas','75605','United States','75'),
                                                                                                  ('50','4942 Garner Path','4942 Garner Path','Tucson','Arizona','85732','United States','74');
INSERT INTO address (address_id,line_1,line_2,city,state,postal_code,country,address_type_id) VALUES
                                                                                                  ('51','2559 Georgetown Avenue','2559 Georgetown Avenue','Memphis','Tennessee','38161','United States','97'),
                                                                                                  ('52','13370 Moss Creek Avenue','13370 Moss Creek Avenue','Washington','District of Columbia','20380','United States','84'),
                                                                                                  ('53','6923 Perry Lane','6923 Perry Lane','Dallas','Texas','75287','United States','25'),
                                                                                                  ('54','740 Harlow Lane','740 Harlow Lane','Erie','Pennsylvania','16505','United States','95'),
                                                                                                  ('55','11965 Alcott Avenue','11965 Alcott Avenue','San Francisco','California','94110','United States','74'),
                                                                                                  ('56','3221 Ford Street','3221 Ford Street','Saint Paul','Minnesota','55108','United States','67'),
                                                                                                  ('57','12531 Hallandale Lane','12531 Hallandale Lane','Flushing','New York','11388','United States','50'),
                                                                                                  ('58','11108 Gale Lane','11108 Gale Lane','Houston','Texas','77095','United States','22'),
                                                                                                  ('59','1994 Demarco Drive','1994 Demarco Drive','Oklahoma City','Oklahoma','73197','United States','9'),
                                                                                                  ('60','7808 Halsey Terrace','7808 Halsey Terrace','Evansville','Indiana','47725','United States','47');
INSERT INTO address (address_id,line_1,line_2,city,state,postal_code,country,address_type_id) VALUES
                                                                                                  ('61','9642 Winthrop Terrace','9642 Winthrop Terrace','Erie','Pennsylvania','16534','United States','93'),
                                                                                                  ('62','13155 Badger Street','13155 Badger Street','Kingsport','Tennessee','37665','United States','56'),
                                                                                                  ('63','10865 Abbeville Loop','10865 Abbeville Loop','Beaverton','Oregon','97075','United States','68'),
                                                                                                  ('64','6307 Kershaw Road','6307 Kershaw Road','Charlotte','North Carolina','28215','United States','84'),
                                                                                                  ('65','5908 Torri Terrace','5908 Torri Terrace','Seattle','Washington','98140','United States','100'),
                                                                                                  ('66','11127 Chimborazo Way','11127 Chimborazo Way','Dallas','Texas','75251','United States','53'),
                                                                                                  ('67','11837 Fisher Avenue','11837 Fisher Avenue','Fort Lauderdale','Florida','33310','United States','43'),
                                                                                                  ('68','10958 Hoyos Court','10958 Hoyos Court','Tulsa','Oklahoma','74149','United States','1'),
                                                                                                  ('69','8382 Sandpiper Way','8382 Sandpiper Way','Richmond','Virginia','23203','United States','41'),
                                                                                                  ('70','14494 Eastmont Court','14494 Eastmont Court','Denver','Colorado','80228','United States','61');
INSERT INTO address (address_id,line_1,line_2,city,state,postal_code,country,address_type_id) VALUES
                                                                                                  ('71','12501 Jenks Court','12501 Jenks Court','Portland','Oregon','97229','United States','81'),
                                                                                                  ('72','4482 Pilar Place','4482 Pilar Place','New York City','New York','10184','United States','3'),
                                                                                                  ('73','3672 Herlong Court','3672 Herlong Court','Detroit','Michigan','48224','United States','75'),
                                                                                                  ('74','10918 Mickel Terrace','10918 Mickel Terrace','Washington','District of Columbia','20244','United States','35'),
                                                                                                  ('75','14170 Rambling Rose Court','14170 Rambling Rose Court','Long Beach','California','90847','United States','77'),
                                                                                                  ('76','2687 Mila Loop','2687 Mila Loop','Boston','Massachusetts','02216','United States','93'),
                                                                                                  ('77','11062 Fry Terrace','11062 Fry Terrace','Jackson','Mississippi','39296','United States','38'),
                                                                                                  ('78','9940 Golden Grove Drive','9940 Golden Grove Drive','Schenectady','New York','12305','United States','47'),
                                                                                                  ('79','7354 Duncan Drive','7354 Duncan Drive','Dallas','Texas','75287','United States','40'),
                                                                                                  ('80','3159 Van Patten Place','3159 Van Patten Place','Charleston','West Virginia','25389','United States','22');
INSERT INTO address (address_id,line_1,line_2,city,state,postal_code,country,address_type_id) VALUES
                                                                                                  ('81','1202 Navidad Street','1202 Navidad Street','Saint Paul','Minnesota','55188','United States','21'),
                                                                                                  ('82','6940 Mayo Court','6940 Mayo Court','Topeka','Kansas','66667','United States','46'),
                                                                                                  ('83','13831 Madero Drive','13831 Madero Drive','Anchorage','Alaska','99599','United States','4'),
                                                                                                  ('84','8296 Karney Drive','8296 Karney Drive','Indianapolis','Indiana','46239','United States','15'),
                                                                                                  ('85','10083 Patricia Place','10083 Patricia Place','Trenton','New Jersey','08650','United States','62'),
                                                                                                  ('86','12530 Swallow Court','12530 Swallow Court','Nashville','Tennessee','37205','United States','21'),
                                                                                                  ('87','14917 Evans Way','14917 Evans Way','Little Rock','Arkansas','72209','United States','86'),
                                                                                                  ('88','7857 Branham Street','7857 Branham Street','Birmingham','Alabama','35263','United States','98'),
                                                                                                  ('89','6314 Georgiana Terrace','6314 Georgiana Terrace','Appleton','Wisconsin','54915','United States','46'),
                                                                                                  ('90','33 Sea Grapes Way','33 Sea Grapes Way','Erie','Pennsylvania','16534','United States','2');
INSERT INTO address (address_id,line_1,line_2,city,state,postal_code,country,address_type_id) VALUES
                                                                                                  ('91','6064 Elise Place','6064 Elise Place','Athens','Georgia','30605','United States','70'),
                                                                                                  ('92','9026 Macon Court','9026 Macon Court','Savannah','Georgia','31422','United States','45'),
                                                                                                  ('93','12012 Tammy Lane','12012 Tammy Lane','Lexington','Kentucky','40576','United States','68'),
                                                                                                  ('94','410 Laurel Bay Lane','410 Laurel Bay Lane','Pittsburgh','Pennsylvania','15240','United States','74'),
                                                                                                  ('95','149 Candlewick Court','149 Candlewick Court','Salt Lake City','Utah','84152','United States','27'),
                                                                                                  ('96','14690 Chancey Way','14690 Chancey Way','Chicago','Illinois','60686','United States','89'),
                                                                                                  ('97','11127 Crane Doran Place','11127 Crane Doran Place','Newton','Massachusetts','02162','United States','86'),
                                                                                                  ('98','7483 Pam Place','7483 Pam Place','Buffalo','New York','14233','United States','88'),
                                                                                                  ('99','4770 Cottonwood Terrace','4770 Cottonwood Terrace','Evansville','Indiana','47705','United States','38'),
                                                                                                  ('100','5164 Reading Road','5164 Reading Road','Washington','District of Columbia','20397','United States','11');


INSERT INTO company (company_id,name,company_logo) VALUES
                                                       ('1','TransAlta Corporation','https://tinypic.com/m/brutus/dissentiet//pondere.htm?ne&voluptate&victi'),
                                                       ('2','Validea Market Legends ETF','http://cpanel.net/nihil/afferrent/neque.pfx'),
                                                       ('3','DragonWave Inc','http://clickbank.net/nec/ultimum/nec/extremum/vero.pfx?modum&eae'),
                                                       ('4','Boulevard Acquisition Corp. II','https://unicef.org/poetis/aut/inertissimae/segnitiae/tum.odg?perturbatur&et&ut&succumbere'),
                                                       ('5','Waters Corporation','https://sciencedirect.com/reque/ex/utraque/parte/et.xml?et&ignavi'),
                                                       ('6','Stoneridge, Inc.','https://google.cn/paulo/contra/vestra/usus.cer?sint&ea&facere&ipsa&per'),
                                                       ('7','Famous Dave''s of America, Inc.','https://washington.edu/mortis/timorem/corpore.dmg?his'),
                                                       ('8','QUALCOMM Incorporated','https://goo.gl/modice/ferre/minimum.xml?aegritudines&ad&dolorem&referuntur&nec'),
                                                       ('9','PNC Financial Services Group, Inc. (The)','https://sciencedaily.com/modo/vita.xml?posidonium&quid'),
                                                       ('10','XG Technology, Inc','https://friendfeed.com/ac/leniat/temperantia/est/quod.pssc?rerum');
INSERT INTO company (company_id,name,company_logo) VALUES
                                                       ('11','American Capital Senior Floating, Ltd.','https://stanford.edu/nominant/quorum/incursione/non/solum/fortasse.log?tum&amorem&efflorescere'),
                                                       ('12','Alamos Gold Inc.','https://etsy.com/et/hoc/ipsum/efficitur/consequatur.rpm?c&triarius'),
                                                       ('13','Fulton Financial Corporation','https://altervista.org/non/posse/reperiri/quapropter/si/quos.jsp?praeter&sedulitatem'),
                                                       ('14','Guggenheim Enhanced Equity Income Fund','https://amazonaws.com/esse/potest/nec/in/malis/in.mp4?est&enim'),
                                                       ('15','Daseke, Inc.','https://mail.ru/hinc/hostis/mi/albucius/hinc/legat.pgp?non&inhumanus&qui'),
                                                       ('16','Cavium, Inc.','https://discovery.com/ecce/autem/alii/minuti/et/si.crt?logikh&dicitur'),
                                                       ('17','National Security Group, Inc.','https://lulu.com/tamque/crudeli/nec.wma?accedit&ut&neque&divinum&numen'),
                                                       ('18','National General Holdings Corp','https://tinyurl.com/a/te/ipso/id/amorem.txt?aptius&quibus&ex'),
                                                       ('19','First Trust Europe AlphaDEX Fund','http://who.int/multam/operam/ponendam/in/naturalem.odg?et&malorum&id&est'),
                                                       ('20','NCR Corporation','http://lulu.com/molestiam/plus/aut/ad/interiret.yaml?rerum&natura&cognita&levamur');
INSERT INTO company (company_id,name,company_logo) VALUES
                                                       ('21','Microbot Medical Inc. ','https://chicagotribune.com/partem/sanguinem.ogg?non&recusandae&itaque&earum&rerum'),
                                                       ('22','American Outdoor Brands Corporation','http://163.com/litteris/contemnentes/ipsa.wmv?ludicra&exercendi'),
                                                       ('23','PowerShares Global Gold & Precious Metals Portfolio','http://discuz.net/intellegimus/et/saepe/exquisitaque.crt?quisquam&beatus&neque&sapientium&non'),
                                                       ('24','OGE Energy Corporation','https://blinklist.com/mihi/illud/dixeris/haec/enim/provocarem.ini'),
                                                       ('25','Interpublic Group of Companies, Inc. (The)','https://lycos.com/hoc/melius/nos/veriusque/quam/de.bin?impedit&quo&minus&animus&a'),
                                                       ('26','Cincinnati Financial Corporation','https://homestead.com/appellantur//aut/ne/deterruisset/vide.msi?quam&dedocendi'),
                                                       ('27','Investors Real Estate Trust','https://goodreads.com/utens/dolor.ps1xml?gloriae&dominationis'),
                                                       ('28','ENI S.p.A.','https://storify.com/quasi/titillaret/sensus/ut/nec.txt?probabo'),
                                                       ('29','ENDRA Life Sciences Inc.','https://house.gov/homini/vitae.mp3?illa&vendibiliora&haec&uberiora&certe'),
                                                       ('30','Churchill Downs, Incorporated','https://msn.com/ipsam/pecunias.msh2?ab');
INSERT INTO company (company_id,name,company_logo) VALUES
                                                       ('31','National Energy Services Reunited Corp.','https://cnn.com/eas/voluptates/iudicio.psd1'),
                                                       ('32','vTv Therapeutics Inc.','http://flavors.me/latinas/qui/se/constituto.rpm?sophocles&vel&optime'),
                                                       ('33','Banco Santander Brasil SA','https://topsy.com/et/bonum.xml?vero&quoniam&forensibus&operis&laboribus'),
                                                       ('34','Canon, Inc.','https://shop-pro.jp/fieri/inquam/iis.csv?definitiones&nihil'),
                                                       ('35','RTI Surgical, Inc.','http://google.it/esset/quam/ob/rem/animos.gz?de'),
                                                       ('36','Fly Leasing Limited','https://angelfire.com/non/desideraret/aut.rtf?cum&omnia&in&philosophia'),
                                                       ('37','ICON plc','https://vkontakte.ru/inutile/nosque/ea/scripta/reliquaque/ut.xlsx?quod&adest&turbulenta&est'),
                                                       ('38','CF Corporation','https://fc2.com/ad/omnis.mds?graeci&telos&nominant&&quod'),
                                                       ('39','First Business Financial Services, Inc.','https://multiply.com/declinatio/ad/libidinem/fingitur/vocent.tar?horum&morborum&aliquo'),
                                                       ('40','Anthem, Inc.','https://mashable.com/hoc/oratione/solum/probamus.lnk?causa&uterque&venisset');
INSERT INTO company (company_id,name,company_logo) VALUES
                                                       ('41','Enbridge Energy Management LLC','http://reddit.com/quos/dolores/et/quas/molestias/fere.pub?omnium&regula&ad&quam&omnia'),
                                                       ('42','Yum China Holdings, Inc.','https://answers.com/stabilem/aequi.css?ab&epicuro'),
                                                       ('43','Electro Scientific Industries, Inc.','https://blog.com/ipse/loquerer/synephebos.wmv?dolorem&saepe&perpetiuntur&ne&si'),
                                                       ('44','Unity Bancorp, Inc.','https://nyu.edu/horrent/compluribus.pub?sanos'),
                                                       ('45','Costamare Inc.','https://furl.net/dicant/foedus/esse/quoddam/sapientium/naturales.keystore?illa'),
                                                       ('46','Sunoco LP','http://vkontakte.ru/si/ita/res/se/habeat/perinde.p12?fidem&sensibus&confirmat&id'),
                                                       ('47','Biogen Inc.','https://soup.io/mortis/metu/non/totum.odt?iudicium&veri&et&falsi'),
                                                       ('48','ICU Medical, Inc.','https://posterous.com/nos/legant.mp4?essent'),
                                                       ('49','MedEquities Realty Trust, Inc.','https://yellowpages.com/erant/malorum.tsv?latinis&quod&inciderint'),
                                                       ('50','I.D. Systems, Inc.','https://shutterfly.com/artis/sed/mors.php?corpore&nihil&nisi');
INSERT INTO company (company_id,name,company_logo) VALUES
                                                       ('51','Tenaris S.A.','http://cdbaby.com/ut/noster/lucilius/recusabo/tibique.deb?scribi&a&nobis&aequi&esse'),
                                                       ('52','Baldwin & Lyons, Inc.','https://studiopress.com/ut/enim/cum/tota.xhtml?populo&romano&locatus&sum'),
                                                       ('53','CBIZ, Inc.','https://webs.com/controversia/quid/ego/videamus.aac?mutat&ea&corrumpit&quae'),
                                                       ('54','Capitala Finance Corp.','https://meetup.com/quae/plane.accdb?patrius&cum&idem'),
                                                       ('55','FuelCell Energy, Inc.','http://symantec.com/eum/fugiat/quo/ignavi.psm1?maior&sit&mediocritatem&desiderent'),
                                                       ('56','Capitala Finance Corp.','https://google.com.br/admodum/possent.svg?minus&amicos&quam&se'),
                                                       ('57','Rollins, Inc.','https://php.net/tota/res/est/ficta/pueriliter/semel.7z?aeque&diu&sit&in'),
                                                       ('58','Hunter Maritime Acquisition Corp.','https://mail.ru/panaetium/multos/alios/in/primisque/cum.docx?intellegimus&et&saepe&etiam'),
                                                       ('59','Reinsurance Group of America, Incorporated','https://epa.gov/appetendi/si.img?aut&petat&aut'),
                                                       ('60','Resource Capital Corp.','https://weather.com/aut/interrogari/ut/placet/enim.bin?quam&splendido');
INSERT INTO company (company_id,name,company_logo) VALUES
                                                       ('61','Magellan Health, Inc.','https://marriott.com/quis/dixerit/per/se/esse/restat.tsv'),
                                                       ('62','Clifton Bancorp Inc.','https://wordpress.com/quid/esse.wmv?triari&nullo&pacto&potest'),
                                                       ('63','Owens Corning Inc','https://house.gov/saepe/perpetiuntur/ne/vita.apk?aequi&esse&debent&quod'),
                                                       ('64','Infinity Property and Casualty Corporation','https://1688.com/volunt/fieri/difficilem/quandam/temperantiam/ut.ppt?mentitum&aut&zenonem&putas'),
                                                       ('65','First Trust United Kingdom AlphaDEX Fund','https://accuweather.com/rerum/necessitatibus/saepe/amet.wmv?esse&non&possunt&conficiuntur'),
                                                       ('66','Public Service Enterprise Group Incorporated','http://cyberchimps.com/et/infinitum/impendere/malum/nobis/cura.url?tibi&et&declinationem'),
                                                       ('67','Nuveen Insured New York Select Tax-Free Income Portfolio','https://over-blog.com/reformidans/tarentinis/ait/se/explicari.doc?adipiscuntur&praetermittenda&voluptate&idem'),
                                                       ('68','FirstService Corporation','https://example.com/ad/quorum/iudicium/epicuri.dbx'),
                                                       ('69','Rudolph Technologies, Inc.','https://wordpress.com/bonum/sit/viveremus.html'),
                                                       ('70','Modern Media Acquisition Corp.','https://privacy.gov.au/architecto/beatae/vitae/dicta/nisi.txt?bene');
INSERT INTO company (company_id,name,company_logo) VALUES
                                                       ('71','Depomed, Inc.','https://wikispaces.com/quaerendi/sit.dbx?voluptatem&ut'),
                                                       ('72','NCI, Inc.','https://google.ru/inquit/non.msh1?ut&omne&quo'),
                                                       ('73','Select Asset Inc.','https://utexas.edu/maius/amicitia/nihil/uberius/ut.pptx?frequenter&audivi'),
                                                       ('74','Hoegh LNG Partners LP','https://marriott.com/cumanum/salutandi/causa/et.mdb?temperantiam&quidem&propter&se&ipsos'),
                                                       ('75','Entergy Arkansas, Inc.','https://twitpic.com/fastidium/non/est/omnino/hic/modum.dbx?fuerit&causa&mox&videro&interea'),
                                                       ('76','Altria Group','https://elegantthemes.com/numquam/nocet/cuiquam/gessisse.msh1xml?medium&videretur&cum&omni&dolore'),
                                                       ('77','Black Knight Financial Services, Inc.','https://livejournal.com/id/quod/maxime/placeat/earum.txt?illum&ab&industria'),
                                                       ('78','NexPoint Residential Trust, Inc.','https://arizona.edu/intellegi/convenire/epicurus/autem/in/ferre.nrg?familiarem'),
                                                       ('79','Diana Shipping inc.','https://e-recht24.de/me/istius/philosophi/non/potest.msh1?qui&tollunt&et&nihil&posse'),
                                                       ('80','Public Storage','https://buzzfeed.com/aeque/reliquarum.gif?ad');
INSERT INTO company (company_id,name,company_logo) VALUES
                                                       ('81','Nuveen Floating Rate Income Opportuntiy Fund','https://yandex.ru/quocirca/eodem/modo/mortis.csr?sic&intelleges&eitam&ut&ab'),
                                                       ('82','Turtle Beach Corporation','http://wordpress.com/factis/illustribus/et/gloriosis/satis/illo.txt?natura&aut&sollicitare&possit'),
                                                       ('83','RAIT Financial Trust','https://newsvine.com/quae/dicta/sunt/qui.sig?natura&cupiditatum&generibusque&earum'),
                                                       ('84','National Research Corporation','https://miibeian.gov.cn/dicit/plane/quod/voluptatum.odg?recte&nominata&est'),
                                                       ('85','B.O.S. Better Online Solutions','https://discovery.com/in/fructu/nostri.iso?non&existimant&oportere&nimium&nos'),
                                                       ('86','Blackrock Municipal Bond Trust','https://flavors.me/mihi/nullo/modo/ratio.xls?tamen'),
                                                       ('87','Customers Bancorp, Inc','https://elpais.com/quibusdam/stabilitas/amicitiae/natura.bmp?voluptatibus&cum&ipsi'),
                                                       ('88','Apple Inc.','http://uiuc.edu/deseruisse/mihi/videor/praeterea.csv'),
                                                       ('89','Sun Life Financial Inc.','https://blinklist.com/quos/dolores/et/quas/molestias/cur.mdf?suum&iudicium&retinent&ne&voluptate'),
                                                       ('90','First Trust High Yield Long/Short ETF','https://linkedin.com/non/multo/maiores/ponatur.msi?male&conversam&atilii');
INSERT INTO company (company_id,name,company_logo) VALUES
                                                       ('91','Allete, Inc.','http://hud.gov/cum/inportuno.xz'),
                                                       ('92','eBay Inc.','https://g.co/illo/est/tum/innumerabiles/mundi/nihil.odf'),
                                                       ('93','TeleTech Holdings, Inc.','https://comcast.net/et/situm.mdb?domo'),
                                                       ('94','Sotherly Hotels Inc.','https://thetimes.co.uk/et/muniti/videntur/deorum/tamen/cupiditates.ogg'),
                                                       ('95','RMG Networks Holding Corporation','http://php.net/otiosum/certe/audiam/nam.csr?non&fuisse&'),
                                                       ('96','Principal Shareholder Yield Index ETF','https://usatoday.com/diligant/diligi.ini?necessariae&quarum&ea&ratio&est'),
                                                       ('97','Carver Bancorp, Inc.','https://nbcnews.com/polyaeno/familiari/suo/geometrica/voluptate.rpm?videtur&quippe&homini'),
                                                       ('98','West Pharmaceutical Services, Inc.','https://joomla.org/in/rerum/natura/caret.json?nec&infimum&nec'),
                                                       ('99','PAR Technology Corporation','https://biglobe.ne.jp/ista/platonis/aristoteli/theophrasti/enim.zip'),
                                                       ('100','Advent Claymore Convertible Securities and Income Fund II','https://opera.com/p/scaevolam/mque/manilium/corrigere.desktop?mi&albucius&hinc');



INSERT INTO department (department_id,name,company_id) VALUES
                                                           ('1','Customer Service','54'),
                                                           ('2','Research and Development','63'),
                                                           ('3','Research and Development','59'),
                                                           ('4','Legal','40'),
                                                           ('5','Sales','58'),
                                                           ('6','Legal','100'),
                                                           ('7','Administration','90'),
                                                           ('8','Information Technology','86'),
                                                           ('9','Administration','45'),
                                                           ('10','Finance','84');
INSERT INTO department (department_id,name,company_id) VALUES
                                                           ('11','Research and Development','94'),
                                                           ('12','Research and Development','13'),
                                                           ('13','Marketing','57'),
                                                           ('14','Information Technology','100'),
                                                           ('15','Administration','97'),
                                                           ('16','Administration','35'),
                                                           ('17','Information Technology','64'),
                                                           ('18','Customer Service','64'),
                                                           ('19','Research and Development','12'),
                                                           ('20','Research and Development','15');
INSERT INTO department (department_id,name,company_id) VALUES
                                                           ('21','Information Technology','87'),
                                                           ('22','Human Resources','56'),
                                                           ('23','Operations','65'),
                                                           ('24','Administration','63'),
                                                           ('25','Finance','16'),
                                                           ('26','Operations','3'),
                                                           ('27','Customer Service','75'),
                                                           ('28','Legal','50'),
                                                           ('29','Administration','99'),
                                                           ('30','Legal','32');
INSERT INTO department (department_id,name,company_id) VALUES
                                                           ('31','Operations','75'),
                                                           ('32','Finance','53'),
                                                           ('33','Operations','82'),
                                                           ('34','Research and Development','94'),
                                                           ('35','Information Technology','86'),
                                                           ('36','Administration','50'),
                                                           ('37','Human Resources','31'),
                                                           ('38','Administration','79'),
                                                           ('39','Legal','75'),
                                                           ('40','Sales','27');
INSERT INTO department (department_id,name,company_id) VALUES
                                                           ('41','Sales','62'),
                                                           ('42','Information Technology','12'),
                                                           ('43','Research and Development','60'),
                                                           ('44','Sales','39'),
                                                           ('45','Human Resources','88'),
                                                           ('46','Marketing','1'),
                                                           ('47','Human Resources','89'),
                                                           ('48','Operations','92'),
                                                           ('49','Information Technology','99'),
                                                           ('50','Human Resources','85');
INSERT INTO department (department_id,name,company_id) VALUES
                                                           ('51','Sales','42'),
                                                           ('52','Operations','100'),
                                                           ('53','Finance','15'),
                                                           ('54','Marketing','48'),
                                                           ('55','Customer Service','66'),
                                                           ('56','Sales','44'),
                                                           ('57','Legal','5'),
                                                           ('58','Administration','7'),
                                                           ('59','Marketing','25'),
                                                           ('60','Administration','6');
INSERT INTO department (department_id,name,company_id) VALUES
                                                           ('61','Marketing','69'),
                                                           ('62','Legal','5'),
                                                           ('63','Sales','45'),
                                                           ('64','Operations','17'),
                                                           ('65','Research and Development','18'),
                                                           ('66','Marketing','76'),
                                                           ('67','Marketing','70'),
                                                           ('68','Sales','33'),
                                                           ('69','Operations','22'),
                                                           ('70','Customer Service','52');
INSERT INTO department (department_id,name,company_id) VALUES
                                                           ('71','Human Resources','97'),
                                                           ('72','Research and Development','43'),
                                                           ('73','Customer Service','84'),
                                                           ('74','Human Resources','96'),
                                                           ('75','Operations','48'),
                                                           ('76','Human Resources','20'),
                                                           ('77','Customer Service','22'),
                                                           ('78','Human Resources','29'),
                                                           ('79','Research and Development','50'),
                                                           ('80','Customer Service','96');
INSERT INTO department (department_id,name,company_id) VALUES
                                                           ('81','Human Resources','23'),
                                                           ('82','Information Technology','43'),
                                                           ('83','Research and Development','61'),
                                                           ('84','Marketing','23'),
                                                           ('85','Sales','23'),
                                                           ('86','Marketing','52'),
                                                           ('87','Sales','5'),
                                                           ('88','Administration','28'),
                                                           ('89','Administration','64'),
                                                           ('90','Information Technology','79');
INSERT INTO department (department_id,name,company_id) VALUES
                                                           ('91','Customer Service','79'),
                                                           ('92','Operations','2'),
                                                           ('93','Customer Service','50'),
                                                           ('94','Customer Service','73'),
                                                           ('95','Customer Service','1'),
                                                           ('96','Research and Development','53'),
                                                           ('97','Operations','59'),
                                                           ('98','Human Resources','69'),
                                                           ('99','Customer Service','6'),
                                                           ('100','Operations','61');
INSERT INTO person (person_id,first_name,last_name,full_name,dob) VALUES
                                                                      ('1','Theresa','Asplin','Theresa Asplin','2024-11-12 00:06:10'),
                                                                      ('2','Aurthur','Stronack','Aurthur Stronack','2023-12-07 05:13:36'),
                                                                      ('3','Corbet','Leyden','Corbet Leyden','2023-12-28 15:51:22'),
                                                                      ('4','Christiane','Mariotte','Christiane Mariotte','2024-10-13 16:19:03'),
                                                                      ('5','Andrej','Crosscombe','Andrej Crosscombe','2024-06-14 18:41:46'),
                                                                      ('6','Sansone','Giacobini','Sansone Giacobini','2023-12-02 17:52:06'),
                                                                      ('7','Ardene','Jillard','Ardene Jillard','2024-06-30 23:05:45'),
                                                                      ('8','Suki','Eckley','Suki Eckley','2024-11-20 05:05:03'),
                                                                      ('9','Angelia','Haxley','Angelia Haxley','2024-02-10 19:39:57'),
                                                                      ('10','Burg','Jamme','Burg Jamme','2024-04-06 16:05:10');
INSERT INTO person (person_id,first_name,last_name,full_name,dob) VALUES
                                                                      ('11','Glory','Behrens','Glory Behrens','2024-05-19 14:45:59'),
                                                                      ('12','Linoel','Majury','Linoel Majury','2024-03-09 17:14:24'),
                                                                      ('13','Merline','Coggan','Merline Coggan','2024-04-29 23:18:58'),
                                                                      ('14','Shannan','Priestnall','Shannan Priestnall','2024-05-15 23:24:03'),
                                                                      ('15','Rosanne','Dorrington','Rosanne Dorrington','2023-12-19 05:54:31'),
                                                                      ('16','Vassily','Este','Vassily Este','2024-07-27 10:07:10'),
                                                                      ('17','Gabi','Sibthorp','Gabi Sibthorp','2024-06-28 07:30:17'),
                                                                      ('18','Culver','Ginsie','Culver Ginsie','2024-05-04 00:15:01'),
                                                                      ('19','Melody','Hamprecht','Melody Hamprecht','2024-03-28 12:44:51'),
                                                                      ('20','Yvette','Ceillier','Yvette Ceillier','2024-01-31 10:41:50');
INSERT INTO person (person_id,first_name,last_name,full_name,dob) VALUES
                                                                      ('21','Erinna','MacNally','Erinna MacNally','2024-08-24 16:09:32'),
                                                                      ('22','Merrick','Shorey','Merrick Shorey','2024-02-28 22:50:25'),
                                                                      ('23','Richardo','Yurkevich','Richardo Yurkevich','2024-03-15 11:26:08'),
                                                                      ('24','Edgard','Grundell','Edgard Grundell','2024-09-26 22:26:03'),
                                                                      ('25','Enos','Fawdrie','Enos Fawdrie','2024-04-08 22:03:48'),
                                                                      ('26','Kala','Frangione','Kala Frangione','2024-10-24 07:46:38'),
                                                                      ('27','Oran','Stilldale','Oran Stilldale','2024-04-25 06:37:57'),
                                                                      ('28','Lelia','McSperron','Lelia McSperron','2024-01-22 13:04:09'),
                                                                      ('29','Joyann','Dykins','Joyann Dykins','2023-12-30 20:27:16'),
                                                                      ('30','Caryl','Fursey','Caryl Fursey','2024-10-11 07:43:47');
INSERT INTO person (person_id,first_name,last_name,full_name,dob) VALUES
                                                                      ('31','Wenda','Brunetti','Wenda Brunetti','2024-06-26 12:52:11'),
                                                                      ('32','Dorri','Imlaw','Dorri Imlaw','2024-09-26 00:17:24'),
                                                                      ('33','Philipa','Aron','Philipa Aron','2024-11-24 07:36:39'),
                                                                      ('34','Merrie','Burtenshaw','Merrie Burtenshaw','2024-04-19 17:27:40'),
                                                                      ('35','Oralle','Pittel','Oralle Pittel','2024-03-19 12:33:20'),
                                                                      ('36','Conrade','Farny','Conrade Farny','2024-03-28 04:29:25'),
                                                                      ('37','Uriah','Ricardon','Uriah Ricardon','2024-10-11 01:02:08'),
                                                                      ('38','Lavinia','Pickston','Lavinia Pickston','2024-03-30 16:33:54'),
                                                                      ('39','Alfonso','Bergen','Alfonso Bergen','2024-01-10 04:22:35'),
                                                                      ('40','Susie','Peidro','Susie Peidro','2024-05-12 00:50:18');
INSERT INTO person (person_id,first_name,last_name,full_name,dob) VALUES
                                                                      ('41','Rosanne','Wrenn','Rosanne Wrenn','2023-12-05 22:10:24'),
                                                                      ('42','Courtenay','Mattheis','Courtenay Mattheis','2024-01-13 12:51:37'),
                                                                      ('43','Coraline','Avramovich','Coraline Avramovich','2024-08-19 22:45:55'),
                                                                      ('44','Teddy','Soal','Teddy Soal','2024-03-18 16:12:34'),
                                                                      ('45','Vernor','Side','Vernor Side','2024-09-03 03:58:06'),
                                                                      ('46','Boot','Stiell','Boot Stiell','2024-08-17 14:59:36'),
                                                                      ('47','Robers','Hallsworth','Robers Hallsworth','2023-12-21 17:14:44'),
                                                                      ('48','Mariam','Renals','Mariam Renals','2024-06-01 19:55:24'),
                                                                      ('49','Lane','Alenov','Lane Alenov','2024-11-21 09:21:50'),
                                                                      ('50','Alexina','Seivwright','Alexina Seivwright','2024-07-03 23:01:09');
INSERT INTO person (person_id,first_name,last_name,full_name,dob) VALUES
                                                                      ('51','Perry','Titcumb','Perry Titcumb','2024-10-14 21:52:40'),
                                                                      ('52','Kerstin','Luciani','Kerstin Luciani','2024-11-04 17:05:10'),
                                                                      ('53','Nelie','Longworthy','Nelie Longworthy','2023-12-09 00:14:13'),
                                                                      ('54','Iormina','Greetham','Iormina Greetham','2024-10-03 10:38:00'),
                                                                      ('55','Angil','Basillon','Angil Basillon','2024-09-27 03:23:28'),
                                                                      ('56','Eb','Gallaway','Eb Gallaway','2024-10-10 21:17:07'),
                                                                      ('57','Tiphany','Chatell','Tiphany Chatell','2023-12-28 06:02:27'),
                                                                      ('58','Kameko','Findley','Kameko Findley','2024-04-24 09:57:07'),
                                                                      ('59','Ber','Schuelcke','Ber Schuelcke','2024-05-15 09:02:28'),
                                                                      ('60','Juliette','Dine-Hart','Juliette Dine-Hart','2024-09-01 20:05:25');
INSERT INTO person (person_id,first_name,last_name,full_name,dob) VALUES
                                                                      ('61','Chantal','Husthwaite','Chantal Husthwaite','2023-11-29 23:24:28'),
                                                                      ('62','Jacqueline','Hulburd','Jacqueline Hulburd','2024-09-21 07:02:03'),
                                                                      ('63','Lula','Filyukov','Lula Filyukov','2024-11-07 08:14:38'),
                                                                      ('64','Abdel','Purton','Abdel Purton','2024-10-24 07:37:24'),
                                                                      ('65','Wittie','Spaldin','Wittie Spaldin','2024-06-21 08:19:39'),
                                                                      ('66','Jacqueline','Musker','Jacqueline Musker','2024-05-18 10:31:44'),
                                                                      ('67','Norry','Crut','Norry Crut','2024-06-19 09:59:43'),
                                                                      ('68','Helge','Sunderland','Helge Sunderland','2024-04-17 02:23:31'),
                                                                      ('69','Mellie','Ovell','Mellie Ovell','2024-04-25 16:23:39'),
                                                                      ('70','Nicky','Wethers','Nicky Wethers','2023-12-14 22:52:20');
INSERT INTO person (person_id,first_name,last_name,full_name,dob) VALUES
                                                                      ('71','Sigismond','Plastow','Sigismond Plastow','2024-03-31 23:30:51'),
                                                                      ('72','Matthew','Banton','Matthew Banton','2024-01-24 13:10:59'),
                                                                      ('73','Lazaro','Lebreton','Lazaro Lebreton','2024-03-23 13:42:23'),
                                                                      ('74','Danny','McChesney','Danny McChesney','2024-09-18 08:10:31'),
                                                                      ('75','Steffane','Pandey','Steffane Pandey','2024-02-25 11:23:21'),
                                                                      ('76','Rahel','Bifield','Rahel Bifield','2024-05-10 01:33:15'),
                                                                      ('77','Sherlocke','Runacres','Sherlocke Runacres','2024-03-15 10:03:32'),
                                                                      ('78','Nevil','Stanmore','Nevil Stanmore','2024-05-08 19:27:03'),
                                                                      ('79','Marchelle','O''Keaveny','Marchelle O''Keaveny','2024-07-08 18:40:27'),
                                                                      ('80','Alejandro','Antoniewicz','Alejandro Antoniewicz','2024-02-27 12:30:21');
INSERT INTO person (person_id,first_name,last_name,full_name,dob) VALUES
                                                                      ('81','Valentin','Mcsarry','Valentin Mcsarry','2023-12-25 20:01:29'),
                                                                      ('82','Walker','Guilder','Walker Guilder','2024-03-23 10:52:22'),
                                                                      ('83','Yancy','Christofle','Yancy Christofle','2024-08-26 07:16:20'),
                                                                      ('84','Ernesta','Crossdale','Ernesta Crossdale','2024-10-05 03:41:07'),
                                                                      ('85','Ofelia','Vile','Ofelia Vile','2024-07-24 15:21:19'),
                                                                      ('86','Renae','Glitherow','Renae Glitherow','2024-02-11 15:37:47'),
                                                                      ('87','Sinclair','Stiffell','Sinclair Stiffell','2024-10-15 06:14:03'),
                                                                      ('88','Rosemaria','Dunmuir','Rosemaria Dunmuir','2024-08-06 03:32:40'),
                                                                      ('89','Jeromy','Dober','Jeromy Dober','2024-05-16 08:23:54'),
                                                                      ('90','Derek','MacDaid','Derek MacDaid','2024-01-09 16:41:13');
INSERT INTO person (person_id,first_name,last_name,full_name,dob) VALUES
                                                                      ('91','Fawnia','Symondson','Fawnia Symondson','2024-11-13 12:43:57'),
                                                                      ('92','Gena','Wein','Gena Wein','2024-08-20 08:32:06'),
                                                                      ('93','Honey','Gladtbach','Honey Gladtbach','2023-12-12 10:59:40'),
                                                                      ('94','Virgie','Enoch','Virgie Enoch','2024-08-18 19:08:54'),
                                                                      ('95','Taddeusz','Alberts','Taddeusz Alberts','2024-06-11 14:38:37'),
                                                                      ('96','Melesa','Teulier','Melesa Teulier','2024-05-06 11:06:14'),
                                                                      ('97','Gregory','McClifferty','Gregory McClifferty','2024-07-06 23:41:21'),
                                                                      ('98','Danya','Hewins','Danya Hewins','2024-08-08 01:16:12'),
                                                                      ('99','Bren','Harmeston','Bren Harmeston','2023-12-24 10:20:47'),
                                                                      ('100','Thorny','Hallatt','Thorny Hallatt','2023-11-26 01:28:20');


INSERT INTO employee (employee_id,department_id,position_id,company_id,person_id,start_job_date,salary) VALUES
                                                                                                            ('1','79','79','79','79','2024-09-06 23:22:22','57055.82'),
                                                                                                            ('2','11','11','11','11','2024-01-08 12:02:17','40493.51'),
                                                                                                            ('3','98','98','98','98','2024-01-01 15:11:22','56492.40'),
                                                                                                            ('4','57','57','57','57','2024-03-21 04:07:53','40024.34'),
                                                                                                            ('5','77','77','77','77','2024-11-15 13:53:43','45457.34'),
                                                                                                            ('6','19','19','19','19','2024-06-13 16:55:13','61810.27'),
                                                                                                            ('7','79','79','79','79','2024-05-11 11:54:02','51628.97'),
                                                                                                            ('8','78','78','78','78','2024-08-30 11:59:38','51231.45'),
                                                                                                            ('9','44','44','44','44','2024-02-01 16:39:45','48963.06'),
                                                                                                            ('10','42','42','42','42','2024-09-07 03:04:08','56545.30');
INSERT INTO employee (employee_id,department_id,position_id,company_id,person_id,start_job_date,salary) VALUES
                                                                                                            ('11','85','85','85','85','2024-09-03 21:50:12','42146.01'),
                                                                                                            ('12','28','28','28','28','2024-05-19 01:24:05','57066.34'),
                                                                                                            ('13','18','18','18','18','2024-05-01 16:01:59','56846.53'),
                                                                                                            ('14','79','79','79','79','2024-09-29 08:46:43','49479.63'),
                                                                                                            ('15','87','87','87','87','2024-03-06 02:05:14','48291.76'),
                                                                                                            ('16','86','86','86','86','2024-01-27 18:18:56','47850.33'),
                                                                                                            ('17','75','75','75','75','2024-09-07 18:06:43','39214.76'),
                                                                                                            ('18','1','1','1','1','2024-10-08 01:37:45','58585.33'),
                                                                                                            ('19','17','17','17','17','2024-11-03 01:48:12','44426.94'),
                                                                                                            ('20','7','7','7','7','2024-08-21 21:34:25','41809.19');
INSERT INTO employee (employee_id,department_id,position_id,company_id,person_id,start_job_date,salary) VALUES
                                                                                                            ('21','29','29','29','29','2024-10-04 11:19:12','57109.16'),
                                                                                                            ('22','22','22','22','22','2024-03-24 17:53:14','59179.73'),
                                                                                                            ('23','68','68','68','68','2023-11-27 02:20:37','60956.18'),
                                                                                                            ('24','72','72','72','72','2024-01-23 23:50:50','55957.81'),
                                                                                                            ('25','31','31','31','31','2023-12-18 06:55:15','58934.09'),
                                                                                                            ('26','53','53','53','53','2024-03-08 05:51:21','45701.41'),
                                                                                                            ('27','57','57','57','57','2024-05-15 05:01:57','56042.08'),
                                                                                                            ('28','58','58','58','58','2024-02-11 00:21:16','37597.07'),
                                                                                                            ('29','75','75','75','75','2024-07-28 23:29:43','41551.71'),
                                                                                                            ('30','1','1','1','1','2024-08-13 10:58:01','47979.22');
INSERT INTO employee (employee_id,department_id,position_id,company_id,person_id,start_job_date,salary) VALUES
                                                                                                            ('31','21','21','21','21','2024-03-16 05:00:30','39044.52'),
                                                                                                            ('32','22','22','22','22','2024-06-05 12:48:44','44574.27'),
                                                                                                            ('33','33','33','33','33','2024-04-05 08:11:01','49216.74'),
                                                                                                            ('34','88','88','88','88','2024-06-18 13:59:37','42782.66'),
                                                                                                            ('35','43','43','43','43','2024-06-22 20:36:03','54323.93'),
                                                                                                            ('36','10','10','10','10','2024-08-24 02:28:10','55381.17'),
                                                                                                            ('37','81','81','81','81','2023-11-27 13:50:18','45118.31'),
                                                                                                            ('38','34','34','34','34','2024-09-09 10:27:12','50673.31'),
                                                                                                            ('39','24','24','24','24','2024-02-12 09:47:34','46493.47'),
                                                                                                            ('40','4','4','4','4','2023-12-28 14:46:24','51564.65');
INSERT INTO employee (employee_id,department_id,position_id,company_id,person_id,start_job_date,salary) VALUES
                                                                                                            ('41','29','29','29','29','2024-01-01 04:56:49','51856.68'),
                                                                                                            ('42','25','25','25','25','2024-03-21 23:07:50','56108.35'),
                                                                                                            ('43','76','76','76','76','2024-10-10 15:57:13','37629.78'),
                                                                                                            ('44','63','63','63','63','2024-04-28 19:08:03','42630.63'),
                                                                                                            ('45','98','98','98','98','2023-12-29 07:05:39','57223.97'),
                                                                                                            ('46','88','88','88','88','2024-09-16 06:44:54','42877.83'),
                                                                                                            ('47','16','16','16','16','2024-03-26 10:58:35','39749.93'),
                                                                                                            ('48','77','77','77','77','2024-02-19 01:14:05','39995.19'),
                                                                                                            ('49','80','80','80','80','2023-12-06 21:18:14','45511.42'),
                                                                                                            ('50','63','63','63','63','2024-03-08 21:34:18','59357.11');
INSERT INTO employee (employee_id,department_id,position_id,company_id,person_id,start_job_date,salary) VALUES
                                                                                                            ('51','97','97','97','97','2024-07-20 08:48:14','48095.67'),
                                                                                                            ('52','32','32','32','32','2024-02-23 15:06:31','39796.38'),
                                                                                                            ('53','36','36','36','36','2024-08-28 05:17:46','57691.57'),
                                                                                                            ('54','41','41','41','41','2024-07-11 22:45:16','45818.36'),
                                                                                                            ('55','30','30','30','30','2024-11-16 01:48:01','43331.61'),
                                                                                                            ('56','99','99','99','99','2024-10-10 17:13:47','38265.78'),
                                                                                                            ('57','69','69','69','69','2024-05-11 11:12:38','44619.00'),
                                                                                                            ('58','89','89','89','89','2024-01-21 11:11:53','53735.67'),
                                                                                                            ('59','53','53','53','53','2024-09-12 12:32:51','43644.32'),
                                                                                                            ('60','6','6','6','6','2024-07-11 13:41:09','56389.62');
INSERT INTO employee (employee_id,department_id,position_id,company_id,person_id,start_job_date,salary) VALUES
                                                                                                            ('61','43','43','43','43','2024-11-12 16:19:26','53160.62'),
                                                                                                            ('62','90','90','90','90','2024-03-20 14:22:50','61844.15'),
                                                                                                            ('63','12','12','12','12','2024-04-04 05:33:09','59360.74'),
                                                                                                            ('64','49','49','49','49','2024-04-22 19:27:45','48961.10'),
                                                                                                            ('65','53','53','53','53','2023-12-16 20:47:50','41379.10'),
                                                                                                            ('66','90','90','90','90','2024-03-11 04:57:34','56674.57'),
                                                                                                            ('67','67','67','67','67','2024-11-19 13:16:23','57434.85'),
                                                                                                            ('68','90','90','90','90','2024-08-01 03:11:58','53134.81'),
                                                                                                            ('69','9','9','9','9','2024-10-15 07:28:57','61612.26'),
                                                                                                            ('70','23','23','23','23','2024-06-03 01:55:22','45418.21');
INSERT INTO employee (employee_id,department_id,position_id,company_id,person_id,start_job_date,salary) VALUES
                                                                                                            ('71','32','32','32','32','2024-04-29 01:34:21','46417.67'),
                                                                                                            ('72','64','64','64','64','2024-10-17 11:50:43','47686.77'),
                                                                                                            ('73','75','75','75','75','2024-01-05 12:35:11','38947.40'),
                                                                                                            ('74','2','2','2','2','2024-05-22 04:33:36','44776.64'),
                                                                                                            ('75','31','31','31','31','2024-06-03 23:01:24','62081.72'),
                                                                                                            ('76','92','92','92','92','2024-10-19 14:14:56','54539.39'),
                                                                                                            ('77','86','86','86','86','2024-10-18 11:39:32','59674.53'),
                                                                                                            ('78','72','72','72','72','2024-10-12 01:51:46','50505.70'),
                                                                                                            ('79','1','1','1','1','2024-07-24 21:43:46','38895.36'),
                                                                                                            ('80','2','2','2','2','2024-10-16 10:04:13','48114.00');
INSERT INTO employee (employee_id,department_id,position_id,company_id,person_id,start_job_date,salary) VALUES
                                                                                                            ('81','46','46','46','46','2023-12-27 11:59:07','59823.56'),
                                                                                                            ('82','65','65','65','65','2024-02-09 20:03:04','40290.15'),
                                                                                                            ('83','38','38','38','38','2024-01-08 02:04:42','49693.54'),
                                                                                                            ('84','70','70','70','70','2024-02-16 15:48:18','50565.76'),
                                                                                                            ('85','33','33','33','33','2024-03-06 21:32:19','59967.01'),
                                                                                                            ('86','18','18','18','18','2024-01-12 00:07:16','59891.34'),
                                                                                                            ('87','74','74','74','74','2024-03-18 17:42:54','59453.62'),
                                                                                                            ('88','5','5','5','5','2024-01-01 01:03:56','54045.68'),
                                                                                                            ('89','89','89','89','89','2024-08-29 17:55:49','59750.20'),
                                                                                                            ('90','29','29','29','29','2024-07-14 20:23:25','39673.69');
INSERT INTO employee (employee_id,department_id,position_id,company_id,person_id,start_job_date,salary) VALUES
                                                                                                            ('91','66','66','66','66','2024-08-23 12:18:36','42702.11'),
                                                                                                            ('92','92','92','92','92','2024-04-08 17:55:53','40465.16'),
                                                                                                            ('93','82','82','82','82','2023-12-01 15:03:11','43168.16'),
                                                                                                            ('94','75','75','75','75','2024-03-14 18:48:04','44482.30'),
                                                                                                            ('95','99','99','99','99','2024-10-26 06:11:54','40732.82'),
                                                                                                            ('96','4','4','4','4','2024-10-03 22:07:25','45291.09'),
                                                                                                            ('97','88','88','88','88','2024-08-12 03:08:49','39984.14'),
                                                                                                            ('98','10','10','10','10','2023-11-27 02:28:02','56493.89'),
                                                                                                            ('99','50','50','50','50','2023-11-29 20:31:16','53358.81'),
                                                                                                            ('100','6','6','6','6','2024-05-11 03:54:57','56068.05');
INSERT INTO entity_address (entity_address_id,entity_type,entity_id,address_id) VALUES
                                                                                    ('1','Institutional','4717','48'),
                                                                                    ('2','Commercial','1058','11'),
                                                                                    ('3','Retail','9005','91'),
                                                                                    ('4','Institutional','6701','68'),
                                                                                    ('5','Commercial','4621','47'),
                                                                                    ('6','Hospitality','1264','13'),
                                                                                    ('7','Residential','9722','98'),
                                                                                    ('8','Commercial','142','2'),
                                                                                    ('9','Institutional','929','10'),
                                                                                    ('10','Institutional','4339','44');
INSERT INTO entity_address (entity_address_id,entity_type,entity_id,address_id) VALUES
                                                                                    ('11','Retail','1662','17'),
                                                                                    ('12','Vacant Land','4617','47'),
                                                                                    ('13','Warehouse','6899','63'),
                                                                                    ('14','Vacant Land','6244','61'),
                                                                                    ('15','Mixed-use','8584','55'),
                                                                                    ('16','Government','6035','36'),
                                                                                    ('17','Agricultural','3085','7'),
                                                                                    ('18','Residential','5403','4'),
                                                                                    ('19','Warehouse','3545','87'),
                                                                                    ('20','Agricultural','678','38');
INSERT INTO entity_address (entity_address_id,entity_type,entity_id,address_id) VALUES
                                                                                    ('21','Institutional','363','48'),
                                                                                    ('22','Commercial','8604','40'),
                                                                                    ('23','Agricultural','3769','43'),
                                                                                    ('24','Institutional','4745','12'),
                                                                                    ('25','Commercial','884','44'),
                                                                                    ('26','Institutional','3915','26'),
                                                                                    ('27','Mixed-use','4234','62'),
                                                                                    ('28','Vacant Land','1164','4'),
                                                                                    ('29','Residential','4316','97'),
                                                                                    ('30','Hospitality','5792','11');
INSERT INTO entity_address (entity_address_id,entity_type,entity_id,address_id) VALUES
                                                                                    ('31','Commercial','2521','92'),
                                                                                    ('32','Agricultural','6113','34'),
                                                                                    ('33','Hospitality','322','95'),
                                                                                    ('34','Retail','9634','69'),
                                                                                    ('35','Commercial','1047','14'),
                                                                                    ('36','Government','9115','51'),
                                                                                    ('37','Retail','3359','73'),
                                                                                    ('38','Office','9427','46'),
                                                                                    ('39','Institutional','6817','13'),
                                                                                    ('40','Commercial','1345','100');
INSERT INTO entity_address (entity_address_id,entity_type,entity_id,address_id) VALUES
                                                                                    ('41','Retail','5035','71'),
                                                                                    ('42','Residential','7224','6'),
                                                                                    ('43','Commercial','7683','11'),
                                                                                    ('44','Retail','4517','32'),
                                                                                    ('45','Commercial','1260','4'),
                                                                                    ('46','Residential','9917','61'),
                                                                                    ('47','Vacant Land','7043','71'),
                                                                                    ('48','Retail','557','56'),
                                                                                    ('49','Government','1004','18'),
                                                                                    ('50','Industrial','6889','87');
INSERT INTO entity_address (entity_address_id,entity_type,entity_id,address_id) VALUES
                                                                                    ('51','Warehouse','3169','94'),
                                                                                    ('52','Hospitality','4799','69'),
                                                                                    ('53','Retail','985','9'),
                                                                                    ('54','Commercial','363','96'),
                                                                                    ('55','Agricultural','6055','64'),
                                                                                    ('56','Hospitality','7009','3'),
                                                                                    ('57','Vacant Land','5516','87'),
                                                                                    ('58','Residential','1762','80'),
                                                                                    ('59','Warehouse','8620','87'),
                                                                                    ('60','Government','9362','84');
INSERT INTO entity_address (entity_address_id,entity_type,entity_id,address_id) VALUES
                                                                                    ('61','Office','6827','70'),
                                                                                    ('62','Commercial','846','21'),
                                                                                    ('63','Warehouse','3482','37'),
                                                                                    ('64','Retail','9505','39'),
                                                                                    ('65','Warehouse','6310','79'),
                                                                                    ('66','Industrial','275','46'),
                                                                                    ('67','Agricultural','8616','11'),
                                                                                    ('68','Agricultural','5296','41'),
                                                                                    ('69','Office','7950','56'),
                                                                                    ('70','Industrial','1185','45');
INSERT INTO entity_address (entity_address_id,entity_type,entity_id,address_id) VALUES
                                                                                    ('71','Institutional','8677','92'),
                                                                                    ('72','Commercial','8330','46'),
                                                                                    ('73','Government','6976','1'),
                                                                                    ('74','Institutional','8479','72'),
                                                                                    ('75','Institutional','2062','4'),
                                                                                    ('76','Residential','3602','88'),
                                                                                    ('77','Retail','3814','49'),
                                                                                    ('78','Residential','6497','13'),
                                                                                    ('79','Warehouse','7809','68'),
                                                                                    ('80','Commercial','1690','76');
INSERT INTO entity_address (entity_address_id,entity_type,entity_id,address_id) VALUES
                                                                                    ('81','Retail','4539','72'),
                                                                                    ('82','Office','1070','96'),
                                                                                    ('83','Retail','4057','84'),
                                                                                    ('84','Residential','5552','22'),
                                                                                    ('85','Hospitality','4422','4'),
                                                                                    ('86','Industrial','9155','35'),
                                                                                    ('87','Residential','4521','91'),
                                                                                    ('88','Agricultural','4','38'),
                                                                                    ('89','Agricultural','7107','5'),
                                                                                    ('90','Residential','303','67');
INSERT INTO entity_address (entity_address_id,entity_type,entity_id,address_id) VALUES
                                                                                    ('91','Hospitality','8752','78'),
                                                                                    ('92','Retail','4827','87'),
                                                                                    ('93','Residential','1270','47'),
                                                                                    ('94','Office','6766','53'),
                                                                                    ('95','Warehouse','7513','43'),
                                                                                    ('96','Institutional','7170','77'),
                                                                                    ('97','Government','488','33'),
                                                                                    ('98','Warehouse','9506','99'),
                                                                                    ('99','Institutional','8321','26'),
                                                                                    ('100','Residential','2110','100');
